Id,OSType,DeviceType,Status,CreateDate,ModifyDate,HostName,SerialNumber,Brand,MACAddress,IsDeleted,UserID
1b1d934c-a8db-11f0-bdfc-e2849b465dd5,3,1,1,10/14/25 8:52,10/14/25 8:52,INDLAPTOP677,5CG10408DM,1,"[""18-CC-18-80-11-00""]",0,
1b1de9ff-a8db-11f0-bdfc-e2849b465dd5,3,1,1,10/14/25 8:52,10/14/25 13:09,INDLAPTOP330,6QZDMQ2,3,"[""B4-69-21-2B-A8-13"", ""E4-B9-7A-39-B9-BC""]",0,
1b1e7409-a8db-11f0-bdfc-e2849b465dd5,3,1,1,10/14/25 8:52,10/14/25 13:10,INDHYPERLNK1,INA810TVBF,1,"[""3C-52-82-61-87-1E""]",0,
1b1ec705-a8db-11f0-bdfc-e2849b465dd5,3,1,1,10/14/25 8:52,10/14/25 8:52,INDLAPTOP827,JJX8QG3,3,"[""4C-77-CB-5C-72-18"", ""F4-EE-08-DF-3B-2D"", ""4C-77-CB-5C-72-1C""]",0,
1b1f13ad-a8db-11f0-bdfc-e2849b465dd5,3,1,1,10/14/25 8:52,10/14/25 8:52,INDLAPTOP786,CND5513V14,1,"[""FC-3F-DB-5B-0C-67"", ""A8-A7-95-42-D0-BD""]",0,
1b1f6089-a8db-11f0-bdfc-e2849b465dd5,3,1,1,10/14/25 8:52,10/14/25 8:52,INDLAPTOP746,DYHPVT2,3,"[""C8-F7-50-41-39-B2"", ""D0-C6-37-74-DC-4F""]",0,
1b1fb14f-a8db-11f0-bdfc-e2849b465dd5,3,1,1,10/14/25 8:52,10/14/25 8:52,INDTAPP315,4CE8451K2C,1,"[""80-2B-F9-2A-D6-DA"", ""10-E7-C6-4C-BB-39"", ""80-2B-F9-2A-D6-D9""]",0,
1b2007d2-a8db-11f0-bdfc-e2849b465dd5,3,1,1,10/14/25 8:52,10/14/25 8:52,INDLAPTOP690,INA328T2H2,1,"[""F4-B7-E2-05-C4-AD"", ""B4-B5-2F-84-5C-2A""]",0,
1b2057e3-a8db-11f0-bdfc-e2849b465dd5,3,1,1,10/14/25 8:52,10/14/25 8:52,INDHYPERLNK6,INA738YTKV,1,"[""A0-8C-FD-CB-D8-A2""]",0,
1b20b015-a8db-11f0-bdfc-e2849b465dd5,3,1,1,10/14/25 8:52,10/14/25 8:52,INDLAPTOP833,2CE40300VZ,1,"[""48-5A-B6-9C-CA-55"", ""A0-1D-48-AB-96-5E""]",0,
1b20fc4e-a8db-11f0-bdfc-e2849b465dd5,3,1,1,10/14/25 8:52,10/14/25 8:52,INDLAPTOP698,R914V5Y0R9,4,"[""F4-A4-75-4D-5D-AA"", ""F4-A4-75-4D-5D-AE""]",0,
1b21538a-a8db-11f0-bdfc-e2849b465dd5,3,1,1,10/14/25 8:52,10/14/25 8:52,INDLAPTOP876,R914V605,4,"[""F4-A4-75-43-80-B9"", ""F4-A4-75-43-80-BD""]",0,
1b21ab26-a8db-11f0-bdfc-e2849b465dd5,3,1,1,10/14/25 8:52,10/14/25 8:52,INDLAPTOP661,5CD8358CMN,1,"[""34-E1-2D-F0-DC-14"", ""34-E1-2D-F0-DC-18""]",0,
1b220580-a8db-11f0-bdfc-e2849b465dd5,3,1,1,10/14/25 8:52,10/14/25 8:52,INDLAPTOP238,FLLKY04,3,"[""AC-91-A1-6B-C5-C8"", ""28-C5-D2-95-64-29"", ""28-C5-D2-95-64-2D""]",0,
1b22604f-a8db-11f0-bdfc-e2849b465dd5,3,1,1,10/14/25 8:52,10/14/25 8:52,INDHYPERLNK7,INA738YTL4,1,"[""70-5A-0F-49-EE-19""]",0,
1b22b189-a8db-11f0-bdfc-e2849b465dd5,3,1,1,10/14/25 8:52,10/14/25 8:52,INDLAPTOP752,INA811V5WQ,1,"[""38-63-BB-72-84-2A"", ""10-08-B1-3A-BC-61"", ""10-08-B1-3A-BC-62""]",0,
1b22fe15-a8db-11f0-bdfc-e2849b465dd5,3,1,1,10/14/25 8:52,10/14/25 8:52,INDLAPTOP510,5CG62441HT,1,"[""A0-8C-FD-A1-8A-01"", ""96-8E-B4-D0-8F-46""]",0,
1b2354b1-a8db-11f0-bdfc-e2849b465dd5,1,1,1,10/14/25 8:52,10/14/25 8:52,INDLAPTOP949,5CG1437H1W,1,"[""DC-21-48-F5-DF-A7""]",0,
1b23a214-a8db-11f0-bdfc-e2849b465dd5,2,1,1,10/14/25 8:52,10/14/25 8:52,INKOMAC35,C07XJ2SDJYVX,2,"[""DC-21-48-F5-DF-A9""]",0,
1b23ed0a-a8db-11f0-bdfc-e2849b465dd5,3,1,1,10/14/25 8:52,10/14/25 8:52,INDHYPERLNK12,INA810TV9Y,1,"[""3C-52-82-55-A4-E9""]",0,
1b243b95-a8db-11f0-bdfc-e2849b465dd5,3,1,1,10/14/25 8:52,10/14/25 8:52,INDLAPTOP785,CND5203LSP,1,"[""48-0F-CF-DB-E3-B1"", ""0C-0E-76-1C-0D-79""]",0,
1b24876f-a8db-11f0-bdfc-e2849b465dd5,3,1,1,10/14/25 8:52,10/14/25 8:52,INDLAPTOP678,5CG7077G02,1,"[""7C-B0-C2-72-E5-57"", ""40-B0-34-E2-1F-F0"", ""7C-B0-C2-72-E5-5B""]",0,
1b24d973-a8db-11f0-bdfc-e2849b465dd5,2,1,1,10/14/25 8:52,10/14/25 8:52,INKOMAC015,C07JY0EZQ6E0,2,"[""A4:77:F3:00:33:DF"", ""A4:77:F3:06:DB:B4""]",0,
1b252b9e-a8db-11f0-bdfc-e2849b465dd5,3,1,1,10/14/25 8:52,10/14/25 8:52,INDLAPTOP231,136,3,"[""AC-91-A1-6B-C5-DF"", ""28-C5-D2-99-E6-F7"", ""28-C5-D2-99-E6-FB""]",0,
1b257fae-a8db-11f0-bdfc-e2849b465dd5,1,1,1,10/14/25 8:52,10/14/25 8:52,INDLAPTOP820,HDKBQG3,3,[],0,
1b25d669-a8db-11f0-bdfc-e2849b465dd5,3,1,1,10/14/25 8:52,10/14/25 8:52,INDLAPTOP212,FXH0QV3,3,"[""AC-91-A1-67-23-66"", ""AC-91-A1-67-23-66"", ""E4-60-17-DC-BE-04""]",0,
1b262736-a8db-11f0-bdfc-e2849b465dd5,3,1,1,10/14/25 8:52,10/14/25 8:52,INDLAPTOP658,5CD8213ZX1,1,"[""B4-B6-86-D7-0D-7F"", ""0C-54-15-E6-61-85""]",0,
1b26758c-a8db-11f0-bdfc-e2849b465dd5,3,1,1,10/14/25 8:52,10/14/25 8:52,INDLAPTOP707,R914V6BS,4,"[""F4-A4-75-4E-7A-37"", ""F4-A4-75-4E-7A-3B"", ""00-FF-39-57-09-E7""]",0,
1b26cefe-a8db-11f0-bdfc-e2849b465dd5,3,1,1,10/14/25 8:52,10/14/25 8:52,INDLAPTOP504,5CG90554RB,1,"[""F4-D1-08-12-9A-2B"", ""F4-D1-08-12-9A-2F"", ""B0-0C-D1-C8-9C-F9""]",0,
1b271e0c-a8db-11f0-bdfc-e2849b465dd5,3,1,1,10/14/25 8:52,10/14/25 8:52,INDLAPTOP670,5CD6235XRW,1,"[""A0-8C-FD-2E-74-D8"", ""74-DF-BF-C4-71-A3""]",0,
1b276b55-a8db-11f0-bdfc-e2849b465dd5,3,1,1,10/14/25 8:52,10/14/25 8:52,INDLAPTOP784,5CG9190P58,1,"[""9C-7B-EF-9C-2C-27"", ""A8-6D-AA-51-62-87"", ""A8-6D-AA-51-62-83""]",0,
1b27b92c-a8db-11f0-bdfc-e2849b465dd5,3,1,1,10/14/25 8:52,10/14/25 8:52,INDLAPTOP981,1XFFG2,3,"[""D4-81-D7-F3-33-F6"", ""AC-ED-5C-DA-A6-1F""]",0,
1b280660-a8db-11f0-bdfc-e2849b465dd5,3,1,1,10/14/25 8:52,10/14/25 8:52,INDHYPERLNK10,INA821ZCMR,1,"[""40-B0-34-47-20-18""]",0,
1b2852a4-a8db-11f0-bdfc-e2849b465dd5,3,1,1,10/14/25 8:52,10/14/25 8:52,INDLAPTOP243,9D1MY04,3,"[""28-C5-D2-99-C1-D1"", ""AC-91-A1-6B-C6-7D"", ""28-C5-D2-99-C1-D5""]",0,
1b28ae8e-a8db-11f0-bdfc-e2849b465dd5,3,1,1,10/14/25 8:52,10/14/25 8:52,INDTAPPL224-001,IND342YPPT,1,"[""88-51-FB-58-7E-52""]",0,
1b2904be-a8db-11f0-bdfc-e2849b465dd5,3,1,1,10/14/25 8:52,10/14/25 8:52,INKOMAC019,C07VP0VQG1HW,2,"[""78-7B-8A-C1-3F-82"", ""8C-85-90-F1-87-A4""]",0,
1b295473-a8db-11f0-bdfc-e2849b465dd5,3,1,1,10/14/25 8:52,10/14/25 8:52,INDLAPTOP748,3GPSRG3,3,"[""B4-45-06-13-7B-45"", ""1C-C1-0C-D8-00-36"", ""1C-C1-0C-D8-00-3A""]",0,
1b29a070-a8db-11f0-bdfc-e2849b465dd5,3,1,1,10/14/25 8:52,10/14/25 8:52,INDLAPTOP688,2GPSRG3,3,"[""1C-C1-0C-D7-FE-B5"", ""B4-45-06-13-7A-E9"", ""1C-C1-0C-D7-FE-B9""]",0,
1b29f90b-a8db-11f0-bdfc-e2849b465dd5,3,1,1,10/14/25 8:52,10/14/25 8:52,INKOLW647SAYANB,5CG1435DV4,1,"[""DC-21-48-F6-2D-9A"", ""DC-21-48-F6-2D-9E""]",0,
1b2a4915-a8db-11f0-bdfc-e2849b465dd5,3,1,1,10/14/25 8:52,10/14/25 8:52,INDLAPTOP896,578,3,"[""D0-C6-37-D7-9C-E5"", ""10-65-30-6E-7C-0B""]",0,
1b2a9c6d-a8db-11f0-bdfc-e2849b465dd5,1,1,1,10/14/25 8:52,10/14/25 8:52,INDLAPTOP451,5CD8213ZY2,1,"[""0c:54:15:e6:36:83""]",0,
1b2af0ea-a8db-11f0-bdfc-e2849b465dd5,3,1,1,10/14/25 8:52,10/14/25 8:52,INDLAPTOP244,2D1MY04,3,"[""AC-91-A1-6B-C6-77"", ""28-C5-D2-99-E7-33"", ""28-C5-D2-99-E7-37""]",0,
1b2b3c26-a8db-11f0-bdfc-e2849b465dd5,2,1,1,10/14/25 8:52,10/14/25 8:52,INKOMAC001,J6Q174JLY0,2,"[""9c:3e:53:86:b2:65"", ""36:4b:2c:d3:79:c0""]",0,
1b2b8c3e-a8db-11f0-bdfc-e2849b465dd5,3,1,1,10/14/25 8:52,10/14/25 8:52,INDHYPERLNK13,INA921SK6F,1,"[""58-A0-23-DF-1F-47"", ""18-60-24-A4-27-1B""]",0,
1b2be6af-a8db-11f0-bdfc-e2849b465dd5,3,1,1,10/14/25 8:52,10/14/25 8:52,INDLAPTOP350,5CG7077GMY,1,"[""7C-B0-C2-72-E5-11"", ""40-B0-34-E2-EE-7C"", ""7C-B0-C2-72-E5-15""]",0,
1b2c3f3c-a8db-11f0-bdfc-e2849b465dd5,3,1,1,10/14/25 8:52,10/14/25 8:52,INDLAPTOP687,5CG1437H21,1,"[""DC-21-48-F5-CF-F8"", ""00-E0-4C-68-5B-0F""]",0,
1b2c9e66-a8db-11f0-bdfc-e2849b465dd5,3,1,1,10/14/25 8:52,10/14/25 8:52,INDLAPTOP972,INA308XKLX,1,"[""50-65-F3-07-D4-15"", ""34-68-95-33-E9-B5"", ""34-68-95-33-E9-B6""]",0,
1b2cf747-a8db-11f0-bdfc-e2849b465dd5,3,1,1,10/14/25 8:52,10/14/25 8:52,INDLAPTOP905,DHKBQG3,3,"[""F4-EE-08-E1-4C-E6"", """", ""1C-C1-0C-DC-D8-2C"", ""1C-C1-0C-DC-D8-30""]",0,
1b2d508f-a8db-11f0-bdfc-e2849b465dd5,3,1,1,10/14/25 8:52,10/14/25 8:52,INDHYPERLNK2,INA810TV16,1,"[""40-B0-34-47-25-9A""]",0,
1b2dddfd-a8db-11f0-bdfc-e2849b465dd5,3,1,1,10/14/25 8:52,10/14/25 8:52,INDLAPTOP686,5CG1437GQK,1,"[""7C-70-DB-0C-55-85"", ""7C-70-DB-0C-55-89""]",0,
1b2e3597-a8db-11f0-bdfc-e2849b465dd5,3,1,1,10/14/25 8:52,10/14/25 8:52,INDLAPTOP964,5CG1435DVJ,1,"[""DC-21-48-F9-94-6B"", ""DC-21-48-F9-95-6F"", ""B4-B0-24-91-BB-7D""]",0,
1b2e99be-a8db-11f0-bdfc-e2849b465dd5,1,1,1,10/14/25 8:52,10/14/25 8:52,INDLAPTOP926,C8ZS9K3,3,"[""2c:6d:c1:51:e3:43""]",0,
1b2eea73-a8db-11f0-bdfc-e2849b465dd5,3,1,1,10/14/25 8:52,10/14/25 8:52,INDLAPTOP801,8GKBQG3,3,"[""F4-EE-08-E1-50-64"", ""1C-C1-0C-DC-76-CA""]",0,
1b2f3f63-a8db-11f0-bdfc-e2849b465dd5,3,1,1,10/14/25 8:52,10/14/25 8:52,INDHYPERLNK14,INA810TV49,1,"[""40-B0-34-3D-7C-FA""]",0,
1b2f9709-a8db-11f0-bdfc-e2849b465dd5,3,1,1,10/14/25 8:52,10/14/25 8:52,INDLAPTOP461,5CG631KXD,1,"[""00-FF-EF-88-79-CC"", ""00-50-56-C0-00-01"", ""00-50-56-C0-00-08"", ""EC-8E-B5-9C-24-7F"", ""A4-02-B9-41-07-DF"", ""A4-02-B9-41-07-E3""]",0,
1b2fed5a-a8db-11f0-bdfc-e2849b465dd5,3,1,1,10/14/25 8:52,10/14/25 8:52,INDTAPPL313,INA342YPPZ,1,"[""74-46-A0-AC-24-59""]",0,
1b304127-a8db-11f0-bdfc-e2849b465dd5,3,1,1,10/14/25 8:52,10/14/25 8:52,INDLAPTOP898,NA,3,"[""28-C5-D2-99-98-D7"", ""AC-91-A1-6B-C5-C5"", ""28-C5-D2--99-98-DB""]",0,
1b308f15-a8db-11f0-bdfc-e2849b465dd5,3,1,1,10/14/25 8:52,10/14/25 8:52,INDLAPTOP456,CND5346M8L,1,"[""94:57:A5:B1:C3:D2""]",0,
1b30db87-a8db-11f0-bdfc-e2849b465dd5,3,1,1,10/14/25 8:52,10/14/25 8:52,INDHYPERLNK5,NAINA738YXK7,1,"[""A0-8C-FD-CB-D8-FB""]",0,
1b3130f8-a8db-11f0-bdfc-e2849b465dd5,3,1,1,10/14/25 8:52,10/14/25 8:52,INDLAPTOP956,5CG92182VB,1,"[""A8-6D-AA-B3-D6-E7"", ""80-E8-2C-54-11-C3"", ""A8-6D-AA-B3-D6-E3""]",0,
1b318b03-a8db-11f0-bdfc-e2849b465dd5,3,1,1,10/14/25 8:52,10/14/25 8:52,INDLAPTOP750,3FPSRG3,3,"[""1C-C1-0C-D7-FF-2D"", ""B4-45-06-13-7A-DB"", ""0A-00-27-00-00-13""]",0,
1b31e5b0-a8db-11f0-bdfc-e2849b465dd5,3,1,1,10/14/25 8:52,10/14/25 8:52,INDLAPTOP897,5CG1437H18,1,"[""00-FF-9F-85-25-B9"", ""A8-B1-3B-8F-AB-FB"", ""30-03-C8-95-C3-E7""]",0,
1b323c35-a8db-11f0-bdfc-e2849b465dd5,3,1,1,10/14/25 8:52,10/14/25 8:52,INDLAPTOP214,B5CPSV3,3,"[""E4:60:17:DC:D1:BF"", ""AC:91:A1:67:1E:D7"", ""E4:60:17:DC:D1:C3""]",0,
1b328fae-a8db-11f0-bdfc-e2849b465dd5,3,1,1,10/14/25 8:52,10/14/25 8:52,INDLAPTOP203,2G0NSV3,3,"[""E4-60-17-DD-21-19"", ""E4-60-17-DD-21-19"", ""E4-60-17-DD-21-15""]",0,
1b32e4fb-a8db-11f0-bdfc-e2849b465dd5,3,1,1,10/14/25 8:52,10/14/25 8:52,INDLAPTOP623,GT6QVT2,3,"[""98-E7-43-65-B1-AF"", ""D0-C6-37-75-50-1C""]",0,
1b33335d-a8db-11f0-bdfc-e2849b465dd5,3,1,1,10/14/25 8:52,10/14/25 8:52,INDLAPTOP213,7VH0QV3,3,"[""E4-60-17-DC-D2-E6"", ""AC-91-A1-67-1F-E6"", ""E4-60-17-DC-D2-EA""]",0,
1b338899-a8db-11f0-bdfc-e2849b465dd5,3,1,1,10/14/25 8:52,10/14/25 8:52,INDLAPTOP534,Windows,3,"[""D0-C6-37-D7-1F-2C"", ""C8-F7-50-07-DF-8E""]",0,
1b33d588-a8db-11f0-bdfc-e2849b465dd5,3,1,1,10/14/25 8:52,10/14/25 8:52,INDTAPPL088,INA914QFR3,1,"[""C4-65-16-18-3B-BD""]",0,
1b343ead-a8db-11f0-bdfc-e2849b465dd5,3,1,1,10/14/25 8:52,10/14/25 8:52,INDLAPTOP888,4DPSRG3,3,"[""00-50-56-C0-00-08"", ""1C-C1-0C-D7-FD-8E"", ""B4-45-06-13-7B-67"", ""1C-C1-0C-D7-FD-92""]",0,
1b349548-a8db-11f0-bdfc-e2849b465dd5,3,1,1,10/14/25 8:52,10/14/25 8:52,ARC-RAHULSIR,NA1,1,"[""60-02-92-1D-06-C4"", ""38-B1-DB-79-C6-EE"", ""38-B1-DB-79-C6-ED""]",0,
1b34e868-a8db-11f0-bdfc-e2849b465dd5,2,1,1,10/14/25 8:52,10/14/25 8:52,INDKOLMACOO1,C07XN1ZNJYVW,2,"[""NA2""]",0,
1b3539eb-a8db-11f0-bdfc-e2849b465dd5,2,1,1,10/14/25 8:52,10/14/25 8:52,INKOMAC008,C07JY0EPQ6P0,2,"[""A4:77:F3:08:2A:5A"", ""A4-77-73-08-2A-5A""]",0,
1b358926-a8db-11f0-bdfc-e2849b465dd5,2,1,1,10/14/25 8:52,10/14/25 8:52,INKOMAC007,C07JY0ELQ6P0,2,"[""A4:77:F3:06:E7:F3""]",0,
1b35d5c3-a8db-11f0-bdfc-e2849b465dd5,3,1,1,10/14/25 8:52,10/14/25 8:52,INDLAPTOP714,5CG14168LT,1,"[""7C-70-DB-BF-43-39"", ""00-E0-4C-68-5B-0F""]",0,
1b36267c-a8db-11f0-bdfc-e2849b465dd5,3,1,1,10/14/25 8:52,10/14/25 8:52,INDLAPTOP950,CND4405WQV,1,"[""I0-08-B1-3A-A8-9D"", ""34-64-A9-BD-5E-34"", ""I0-08-B1-3A-A8-9E""]",0,
1b367318-a8db-11f0-bdfc-e2849b465dd5,3,1,1,10/14/25 8:52,10/14/25 8:52,INDLAPTOP241,FG1MY04,3,"[""AC-91-A1-6B-C5-BE"", ""28-C5-D2-95-2A-4A"", ""28-C5-D2-95-2A-4E""]",0,
1b36cfd2-a8db-11f0-bdfc-e2849b465dd5,3,1,1,10/14/25 8:52,10/14/25 8:52,INDLAPTOP666,5CD2527NMR,1,"[""7C-4D-8F-04-42-83"", ""00-A5-54-B1-72-EF""]",0,
1b3723b9-a8db-11f0-bdfc-e2849b465dd5,3,1,1,10/14/25 8:52,10/14/25 8:52,INDLAPTOP204,6BHLSV3,3,"[""AC-91-A1-67-23-DD"", ""E4-60-17-DE-C1-69"", ""E4-60-17-DE-C1-6D""]",0,
1b37714d-a8db-11f0-bdfc-e2849b465dd5,1,1,1,10/14/25 8:52,10/14/25 8:52,INDLAPTOP230,CKRJY04,3,"[""ac:91:a1:6b:cc:bd"", ""28:c5:d2:95:64:15""]",0,
1b37bc38-a8db-11f0-bdfc-e2849b465dd5,3,1,1,10/14/25 8:52,10/14/25 8:52,INDLAPTOP763,5CG6244220,1,"[""48-45-20-C8-FF-F0"", ""A0-8C-FD-A1-3B-3C""]",0,
1b3807e3-a8db-11f0-bdfc-e2849b465dd5,3,1,1,10/14/25 8:52,10/14/25 8:52,INDLAPTOP242,HD1MY04,3,"[""28-C5-D2-99-E6-66"", ""AC-91-A1-6B-C6-7C"", ""28-C5-D2-99-E6-6A""]",0,
1b38546f-a8db-11f0-bdfc-e2849b465dd5,2,1,1,10/14/25 8:52,10/14/25 8:52,chayanc-MACbook,C6F14RFQHW,2,"[""A4-CF-99-79-3C-8F""]",0,
1b38a150-a8db-11f0-bdfc-e2849b465dd5,3,1,1,10/14/25 8:52,10/14/25 8:52,INDLAPTOP807,DFKBQG3,3,"[""1C-C1-0C-DC-76-75""]",0,
1b390aae-a8db-11f0-bdfc-e2849b465dd5,3,1,1,10/14/25 8:52,10/14/25 8:52,INDLAPTOP890,5CG7077G5G,1,"[""7C-B0-C2-72-E5-02"", ""40-B0-34-E2-EE-23"", ""7C-B0-C2-72-E5-06""]",0,
1b396c21-a8db-11f0-bdfc-e2849b465dd5,2,1,1,10/14/25 8:52,10/14/25 8:52,INKOMAC042,C02XM8A5JK7C,2,"[""38-F9-D3-32-6E-24""]",0,
1b39c808-a8db-11f0-bdfc-e2849b465dd5,3,1,1,10/14/25 8:52,10/14/25 8:52,INDLAPTOP567,5L21NF2-PROB,3,"[""C8-F7-50-7C-28-89"", ""A0-51-0B-2B-10-BF"", ""A0-51-0B-2B-10-C3""]",0,
1b3a2cc1-a8db-11f0-bdfc-e2849b465dd5,3,1,1,10/14/25 8:52,10/14/25 8:52,INDLAPTOP946,BFKBQG3,3,"[""F4-EE-08-E1-47-12"", ""1C-C1-0C-DC-78-37"", ""1C-C1-0C-DC-78-3B""]",0,
1b3a801a-a8db-11f0-bdfc-e2849b465dd5,3,1,1,10/14/25 8:52,10/14/25 8:52,INDLAPTOP963,5CG8481XMY,1,"[""B4-69-21-D2-AE-7E"", ""E4-E7-49-21-9A-47"", ""B4-69-21-D2-AE-82""]",0,
1b3adf8e-a8db-11f0-bdfc-e2849b465dd5,1,1,1,10/14/25 8:52,10/14/25 8:52,INDLAPTOP232,426.00000000,3,"[""28-C5-D2-95-71-F3"", ""AC-91--A1-6B-C5-DE""]",0,
1b3b4b34-a8db-11f0-bdfc-e2849b465dd5,2,1,1,10/14/25 8:52,10/14/25 8:52,inkoMAC031,C02CQ69GMD6P,2,"[""3C-22-FB-A3-F9-13""]",0,
1b3bb348-a8db-11f0-bdfc-e2849b465dd5,2,1,1,10/14/25 8:52,10/14/25 8:52,INKOMAC035,C07K1157Q6PQ,2,"[""A4-77-F3-00-F6-B3"", ""A4-77-F3-04-F8-C0""]",0,
1b3c30b4-a8db-11f0-bdfc-e2849b465dd5,3,1,1,10/14/25 8:52,10/14/25 8:52,INDLAPTOP889,5CD2527N92,1,"[""F4-B3-01-8E-B0-3E""]",0,
1b3c82d3-a8db-11f0-bdfc-e2849b465dd5,3,1,1,10/14/25 8:52,10/14/25 8:52,INDLAPTOP701,5CG14168LV,1,"[""7C-70-DB-BE-5A-F5"", ""F8-E4-3B-0C-CA-B4""]",0,
1b3cd43e-a8db-11f0-bdfc-e2849b465dd5,2,1,1,10/14/25 8:52,10/14/25 8:52,monitoring-MACmini,C071Q9TAG1HW,2,"[""A8-60-B6-3B-55-EB"", ""DC-A4-CA-F1-BA-B3""]",0,
1b3d23d4-a8db-11f0-bdfc-e2849b465dd5,3,1,1,10/14/25 8:52,10/14/25 8:52,INDLAPTOP974,5CG90555XL,1,"[""F4-D1-08-12-8F-0E"", ""B0-0C-D1-C2-AF-06""]",0,
1b3d7128-a8db-11f0-bdfc-e2849b465dd5,1,1,1,10/14/25 8:52,10/14/25 8:52,IND-DESK-QA-SR5,INA410V041,1,"[""A0-48-1C-95-BF-52""]",0,
1b3dbd9d-a8db-11f0-bdfc-e2849b465dd5,3,1,1,10/14/25 8:52,10/14/25 8:52,INDLAPTOP161,5CG62446RD,1,"[""48-45-20-C2-94-76"", ""A0-8C-FD-A1-79-D4""]",0,
1b3e09de-a8db-11f0-bdfc-e2849b465dd5,3,1,1,10/14/25 8:52,10/14/25 8:52,INDLAPTOP205,88HLSV3,1,"[""ac-91-a1-67-23-d4"", "";"", ""e4-60-17-de-co-ce""]",0,
1b3e66d4-a8db-11f0-bdfc-e2849b465dd5,1,1,1,10/14/25 8:52,10/14/25 8:52,INDLAPTOP202,7H0NSV3,3,"[""ac:91:a1:67:23:d7;"", ""ac:91:a1:67:23:d7""]",0,
1b3ec156-a8db-11f0-bdfc-e2849b465dd5,1,1,1,10/14/25 8:52,10/14/25 8:52,INDLAPTOP234,3J1MY04,3,"[""ac:91:a1:6b:c6:71""]",0,
1b3f175b-a8db-11f0-bdfc-e2849b465dd5,3,1,1,10/14/25 8:52,10/14/25 8:52,INDESKTOP-CONFE,INA316PCZL,1,"[""6C-3B-E5-22-9C-B1""]",0,
1b3f6c6a-a8db-11f0-bdfc-e2849b465dd5,3,1,1,10/14/25 8:52,10/14/25 8:52,INDLAPTOP441,5CG90554V3,2,"[""10-18-98-e9-b3-e7""]",0,
1b3fbffd-a8db-11f0-bdfc-e2849b465dd5,3,1,1,10/14/25 8:52,10/14/25 8:52,IND-SECURITY1,NA2,0,"[""74-56-3C-2E-7B-56""]",0,
1b402033-a8db-11f0-bdfc-e2849b465dd5,1,1,1,10/14/25 8:52,10/14/25 8:52,INDSECURITY2,NA3,0,"[""74-56-3C-2E-7A-9D""]",0,
1b4076af-a8db-11f0-bdfc-e2849b465dd5,2,1,1,10/14/25 8:52,10/14/25 8:52,INKOMAC30,YQ7NXX1J44,2,"[""5C-1B-F4-95-4A-FB"", ""5C-1B-F4-8B-D0-9B""]",0,
1b40ccb3-a8db-11f0-bdfc-e2849b465dd5,2,1,1,10/14/25 8:52,10/14/25 8:52,INKOMAC018,Y4TXJQC0F2,2,"[""a4-cf-99-f9-ff-f2""]",0,
1b412825-a8db-11f0-bdfc-e2849b465dd5,3,1,1,10/14/25 8:52,10/14/25 8:52,INDLAPTOP646,5CG905557N,1,"[""B0-0C-D1-C8-BC-3E"", ""F4-D1-08-11-DD-E3"", ""F4-D1-08-11-DD-E7""]",0,
1b419e1e-a8db-11f0-bdfc-e2849b465dd5,3,1,1,10/14/25 8:52,10/14/25 8:52,INDHYPERLNK15,INA750QST2,1,"[""70-5A-0F-3F-E9-B2""]",0,
1b41ef87-a8db-11f0-bdfc-e2849b465dd5,3,1,1,10/14/25 8:52,10/14/25 8:52,INDLAPTOP637,54C2N13,3,"[""C0-3E-BA-53-31-1B"", ""08-D2-3E-45-26-7B"", ""08-D2-3E-45-26-7F""]",0,
1b4248c9-a8db-11f0-bdfc-e2849b465dd5,3,1,1,10/14/25 8:52,10/14/25 8:52,INDLAPTOP615,567.0QVT2,3,"[""C8-F7-50-41-3B-0A"", ""D0-C6-37-74-DA-29""]",0,
1b429f5e-a8db-11f0-bdfc-e2849b465dd5,2,1,1,10/14/25 8:52,10/14/25 8:52,cctv-MAC-mini,C07XN1E1JYVW,2,"[""f0:18:98:bc:9c:36"", ""f0:18:98:e9:b3:e7""]",0,
1b42f3a3-a8db-11f0-bdfc-e2849b465dd5,3,1,1,10/14/25 8:52,10/14/25 8:52,INDDESKTOP-CONF,System Assemble,0,"[""74:56:3C:7F:F8:94""]",0,
1b434b89-a8db-11f0-bdfc-e2849b465dd5,3,1,1,10/14/25 8:52,10/14/25 8:52,INDLAPTOP210,6WMCVT3,3,"[""AC-91-A1-67-23-27"", ""E4-60-17-DD-0A-4F"", ""E4-60-17-DD-0A-53""]",0,
1b43ad3b-a8db-11f0-bdfc-e2849b465dd5,3,1,1,10/14/25 8:52,10/14/25 8:52,INDLAPTOP654,5CD2527N6C,1,"[""7C-4D-8F-04-44-8B"", ""00-A5-54-B1-A1-16""]",0,
1b44048e-a8db-11f0-bdfc-e2849b465dd5,3,1,1,10/14/25 8:52,10/14/25 8:52,INDLAPTOP767,5CG1435DFB,1,"[""DC-21-48-F9-94-EE""]",0,
1b4455ce-a8db-11f0-bdfc-e2849b465dd5,3,1,1,10/14/25 8:52,10/14/25 8:52,INDLAPTOP237,9G1MY04,3,"[""28-C5-D2-99-E6-7F"", ""AC-91-A1-6B-C5-C9"", ""28-CD-D2-99-E6-83""]",0,
1b44a43c-a8db-11f0-bdfc-e2849b465dd5,3,1,1,10/14/25 8:52,10/14/25 8:52,INDTAPPLHR01,INA229Y3HN,1,"[""AC-16-2D-0F-A3-B7""]",0,
1b44f2d8-a8db-11f0-bdfc-e2849b465dd5,3,1,1,10/14/25 8:52,10/14/25 8:52,INDLAPTOP737,FN6QVT2,3,"[""D4-3B-04-5A-C6-98"", ""C8-F7-50-41-3A-59""]",0,
1b4543dd-a8db-11f0-bdfc-e2849b465dd5,3,1,1,10/14/25 8:52,10/14/25 8:52,INDLAPTOP538,5CG9190P94,1,"[""A8-6D-AA-51-61-CF"", ""A8-6D-AA-51-61-D3"", ""9C-7B-EF-9C-3C-C0""]",0,
1b45937e-a8db-11f0-bdfc-e2849b465dd5,2,1,1,10/14/25 8:52,10/14/25 8:52,INKOMAC030,NA4,2,"[""6C:96:CF:F2:81:78"", ""78:7B:8A:C1:40:AE""]",0,
1b45e791-a8db-11f0-bdfc-e2849b465dd5,3,1,1,10/14/25 8:52,10/14/25 8:52,INKOLWSUBHAJIT,D16MY04,3,"[""AC-91-A1-6B-C6-70"", ""28-C5-D2-99-CF-B4"", ""28-C5-D2-99-CF-B8""]",0,
1b464eb1-a8db-11f0-bdfc-e2849b465dd5,3,1,1,10/14/25 8:52,10/14/25 8:52,INDLAPTOP770,G38QVT2,3,"[""C8-F7-50-41-3E-9F"", ""D0-C6-37-D5-82-34""]",0,
1b46a648-a8db-11f0-bdfc-e2849b465dd5,3,1,1,10/14/25 8:52,10/14/25 8:52,INDESKTOP-CONF,Assemble,0,"[""74-56-3C-59-BD-A6""]",0,
1b46fc02-a8db-11f0-bdfc-e2849b465dd5,3,1,1,10/14/25 8:52,10/14/25 8:52,INDDESKTOPconf1,INA102S4J1,1,"[""6C-62-6D-0B-B7-D5""]",0,
1b4754e0-a8db-11f0-bdfc-e2849b465dd5,2,1,1,10/14/25 8:52,10/14/25 8:52,INKOMAC33,TXG59W2XLF,2,"[""1B-4A-53-23-F3-33"", ""1B-4A-53-26-59-69""]",0,
1b47ad6c-a8db-11f0-bdfc-e2849b465dd5,1,1,1,10/14/25 8:52,10/14/25 8:52,INDLAPTOP673,4FCNSL3,1,"[""28-00-AF-C1-73-E7"", ""10-91-D1-24-7A-20""]",0,
1b4801e8-a8db-11f0-bdfc-e2849b465dd5,3,1,1,10/14/25 8:52,10/14/25 8:52,INDLAPTOP561,5CG90555PQ,1,"[""B0-0C-D1-C8-AC-D6"", ""F4-D1-08-11-DA-D2"", ""F4-D1-08-1-DA-D6""]",0,
1b4877c8-a8db-11f0-bdfc-e2849b465dd5,3,1,1,10/14/25 8:52,10/14/25 8:52,INDLAPTOP937,5CG9263S1W,1,"[""A4-C3-F0-9E-0B-6F"", ""8O-E8-2C-BE-E9-ED"", ""A4-C3-F0-9E-0B-73""]",0,
1b48d846-a8db-11f0-bdfc-e2849b465dd5,3,1,1,10/14/25 8:52,10/14/25 8:52,INDLAPTOP727,5L21NF2,3,"[""C8-F7-50-33-C0-71"", ""48-F1-7F-8C-3A-5C"", ""48-F1-7F-8C-3A-60""]",0,
1b492e6b-a8db-11f0-bdfc-e2849b465dd5,3,1,1,10/14/25 8:52,10/14/25 8:52,INDLAPTOP757,DZ3H1N2,3,"[""B8-8A-60-90-CB-80"", ""10-65-30-1D-D3-4F""]",0,
1b498204-a8db-11f0-bdfc-e2849b465dd5,3,1,1,10/14/25 8:52,10/14/25 8:52,INDLAPTOP855,5CG9263S4F,1,"[""A4-C3-F0-9E-B0-4B"", ""80-E8-2C-BE-6A-95"", ""A4-C3-F0-9E-B0-47""]",0,
1b49cff1-a8db-11f0-bdfc-e2849b465dd5,2,1,1,10/14/25 8:52,10/14/25 8:52,INKOMAC010,C07XN28VJYUW,2,"[""F0-18-98-B1-04-3A"", ""F0-18-98-EC-56-08""]",0,
1b4a1edf-a8db-11f0-bdfc-e2849b465dd5,3,1,1,10/14/25 8:52,10/14/25 8:52,INDLAPTOP668,5CG8385SWP,1,"[""38-BA-F8-68-5C-4A"", ""F4-39-09-E0-E5-A7"", ""38-BA-F8-68-5C-4E""]",0,
1b4a6d40-a8db-11f0-bdfc-e2849b465dd5,3,1,1,10/14/25 8:52,10/14/25 8:52,INDLAPTOP621,5CD8213ZX2,1,"[""B4-B6-86-D7-0D-7A"", ""0C-54-15-E6-62-66"", ""0C-54-15-E6-62-6A""]",0,
1b4ab9e4-a8db-11f0-bdfc-e2849b465dd5,3,1,1,10/14/25 8:52,10/14/25 8:52,INDLAPTOP779,5CG624400D,1,"[""A0-8C-FD-AA-11-74"", ""48-45-20-DB-38-EB"", ""48-45-20-DB-38-EF""]",0,
1b4b19b7-a8db-11f0-bdfc-e2849b465dd5,3,1,1,10/14/25 8:52,10/14/25 8:52,INDLAPTOP813,5CG90555RB,1,"[""F4-D1-08-12-B9-E3"", ""B0-0C-D1-C8-BC-4F""]",0,
1b4b6b1b-a8db-11f0-bdfc-e2849b465dd5,3,1,1,10/14/25 8:52,10/14/25 8:52,INKOLW949AMIR,5CG82165MW,1,"[""94-B8-6D-6E-E7-95"", ""10-62-E5-53-A4-4F"", ""94-B8-6D-6E-E7-99""]",0,
1b4bb7ab-a8db-11f0-bdfc-e2849b465dd5,3,1,1,10/14/25 8:52,10/14/25 8:52,INDLAPTOP802,3HKBQG3,3,"[""1C-C1-0C-DC-77-10"", ""F4-EE-08-E1-54-BE""]",0,
1b4c1145-a8db-11f0-bdfc-e2849b465dd5,2,1,1,10/14/25 8:52,10/14/25 8:52,INKOMAC21,C07JK182Q6P0,2,"[""00-8A-76-E6-15-91"", ""00-8A-76-F1-15-16""]",0,
1b4c5c3a-a8db-11f0-bdfc-e2849b465dd5,1,1,1,10/14/25 8:52,10/14/25 8:52,INDLAPTOP527,SCG9055556,1,"[""B0-0C-D1-C8-BC-47"", ""F4-D1-08-11-E4-5F""]",0,
1b4ca83f-a8db-11f0-bdfc-e2849b465dd5,2,1,1,10/14/25 8:52,10/14/25 8:52,INKOMAC24,C07JY0EJQ6P0,2,"[""a4-77-f3-06-99-ad"", ""a4-77-f3-06-80-f0""]",0,
1b4cf4d9-a8db-11f0-bdfc-e2849b465dd5,3,1,1,10/14/25 8:52,10/14/25 8:52,INDLAPTOP734,5CG1017PCQ,1,"[""50-81-40-AF-D0-E4"", ""B0-7D-64-43-A1""]",0,
1b4d432f-a8db-11f0-bdfc-e2849b465dd5,3,1,1,10/14/25 8:52,10/14/25 8:52,INDLAPTOP134,55T0BK3,3,"[""D4-54-8B-80-B7-B3""]",0,
1b4d9b42-a8db-11f0-bdfc-e2849b465dd5,3,1,1,10/14/25 8:52,10/14/25 8:52,INDLAPTOP873,5CG8483982,1,"[""DC-8B-28-1B-FC-F6"", ""E4-E7-49-21-86-29""]",0,
1b4dea00-a8db-11f0-bdfc-e2849b465dd5,3,1,1,10/14/25 8:52,10/14/25 8:52,INDLAPTOP642,2CE24110LV,1,"[""20-68-9D-8F-B1-B0"", ""B4-B5-2F-7A-4C-45"", ""20-68-9D-8F-54-B8""]",0,
1b4e3644-a8db-11f0-bdfc-e2849b465dd5,3,1,1,10/14/25 8:52,10/14/25 8:52,INDTACC006,INA145X568,1,"[""2C-41-38-8B-D7-73""]",0,
1b4e808d-a8db-11f0-bdfc-e2849b465dd5,1,1,1,10/14/25 8:52,10/14/25 8:52,INDLAPTOP859,6G6ZYY2,1,"[""98-E7-43-8E-76-73"", ""4C-1D-96-0A-20-F8"", ""4C-1D-96-0A-20-FC""]",0,
1b4ecec2-a8db-11f0-bdfc-e2849b465dd5,3,1,1,10/14/25 8:52,10/14/25 8:52,INDLAPTOP776,CVK2GH2,3,"[""A4-4C-C8-32-B7-2B"", ""28-16-AD-FB-1F-F3"", ""28-16-AD-FB-1F-F7""]",0,
1b4f1ad5-a8db-11f0-bdfc-e2849b465dd5,1,1,1,10/14/25 8:52,10/14/25 8:52,INDLAPTOP812,5CG14168LN,1,"[""7C-70-DB-BD-62-08""]",0,
1b4f6736-a8db-11f0-bdfc-e2849b465dd5,3,1,1,10/14/25 8:52,10/14/25 8:52,INDLAPTOP577,F05GNH2,3,"[""A4-4C-C8-50-79-50""]",0,
1b4fb267-a8db-11f0-bdfc-e2849b465dd5,3,1,1,10/14/25 8:52,10/14/25 8:52,INDLAPTOP894,5CG1437GQM,1,"[""77-70-DB-0C-55-58"", ""7C-70-DB-0C-55-5C"", ""00-15-5D-49-67-50""]",0,
1b5002b5-a8db-11f0-bdfc-e2849b465dd5,3,1,1,10/14/25 8:52,10/14/25 8:52,INDLAPTOP557,5CG9190PP2,1,"[""A8-6D-AA-4F-F9-2E"", ""A8-6D-AA-4F-F9-2A"", ""9C-7B-EF-9C-89-49""]",0,
1b504efa-a8db-11f0-bdfc-e2849b465dd5,3,1,1,10/14/25 8:52,10/14/25 8:52,INDLAPTOP887,CND4377060,1,"[""34-64-A9-7B-AF-47"", ""10-08-B1-25-15-55"", ""10-08-B1-25-15-56""]",0,
1b509c5c-a8db-11f0-bdfc-e2849b465dd5,3,1,1,10/14/25 8:52,10/14/25 8:52,INDLAPTOP976,5CG7077FZ7,1,"[""40-B0-34-E2-1F-00"", ""7C-B0-C2-72-EC-F0""]",0,
1b50ea91-a8db-11f0-bdfc-e2849b465dd5,3,1,1,10/14/25 8:52,10/14/25 8:52,INDLAPTOP822,5CG8385RMG,1,"[""38-BA-F8-68-5A-60"", ""F4-39-09-E0-26-92"", ""38-BA-F8-68-5A-64""]",0,
1b513cc3-a8db-11f0-bdfc-e2849b465dd5,3,1,1,10/14/25 8:52,10/14/25 8:52,INDLAPTOP555,5CD6207BMM,1,"[""44-1C-A8-FD-4D-1B"", ""A0-BC-FD-2C-1B-AF"", ""44-1C-A8-FD-4D-1C""]",0,
1b5198c7-a8db-11f0-bdfc-e2849b465dd5,3,1,1,10/14/25 8:52,10/14/25 8:52,INDHYPERLNK9,INA810TV0Z,1,"[""3C-52-82-50-CF-28""]",0,
1b51e4b3-a8db-11f0-bdfc-e2849b465dd5,3,1,1,10/14/25 8:52,10/14/25 8:52,INDLAPTOP729,CND1273XY1,1,"[""F4-B3-01-8E-B0-3E"", ""F8-E4-3B-0C-CA-B4""]",0,
1b523266-a8db-11f0-bdfc-e2849b465dd5,3,1,1,10/14/25 8:52,10/14/25 8:52,INDLAPTOP759,5CG8243SHY,1,"[""10-62-E5-98-FB-D5"", ""B4-6B-FC-EB-9B-19"", ""B4-6B-FC-EB-9B-1D""]",0,
1b52a005-a8db-11f0-bdfc-e2849b465dd5,3,1,1,10/14/25 8:52,10/14/25 8:52,INDLAPTOP632,5CG133535X,1,"[""08-6A-C5-22-D5-A3"", ""08-6A-C5-22-D5-A7""]",0,
1b52ea49-a8db-11f0-bdfc-e2849b465dd5,1,1,1,10/14/25 8:52,10/14/25 8:52,INDLAPTOP877,5CG1017PCQ-PROB,1,"[""50:81:40:af:d0:e4"", ""b0:7d:64:4d:43:a1""]",0,
1b5336a6-a8db-11f0-bdfc-e2849b465dd5,3,1,1,10/14/25 8:52,10/14/25 8:52,INDLAPTOP777,R914V68J,4,"[""F4-A4-75-43-6A-B6"", ""F4-A4-75-43-6A-BA""]",0,
1b538a11-a8db-11f0-bdfc-e2849b465dd5,3,1,1,10/14/25 8:52,10/14/25 8:52,INDLAPAMIRULI,5CG1435DT9-PROB,1,"[""DC-21-48-F6-2D-C2"", ""DC-21-48-F6-2D-C6""]",0,
1b53e2bc-a8db-11f0-bdfc-e2849b465dd5,3,1,1,10/14/25 8:52,10/14/25 8:52,INDLAPTOP235,3H1MY04,3,"[""28-C5-D2-92-B0-D0"", ""AC-91-A1-6B-C5-D2""]",0,
1b543a47-a8db-11f0-bdfc-e2849b465dd5,3,1,1,10/14/25 8:52,10/14/25 8:52,INDLAPTOP469,5CD2231KP4,1,"[""NA3""]",0,
1b549221-a8db-11f0-bdfc-e2849b465dd5,3,1,1,10/14/25 8:52,10/14/25 8:52,INDLAPTOP829,5CD5515Z4M,1,"[""A8-A7-95-AA-A6-A9"", ""DC-4A-3E-EA-3B-96"", ""A8-A7-95-AA-A6-AA""]",0,
1b54e654-a8db-11f0-bdfc-e2849b465dd5,3,1,1,10/14/25 8:52,10/14/25 8:52,INDLAPTOP780,DXX8N13,3,"[""08-D2-3E-48-63-8B"", ""C0-3E-BA-53-2E-22"", ""08-D2-3E-48-63-8F""]",0,
1b553af8-a8db-11f0-bdfc-e2849b465dd5,3,1,1,10/14/25 8:52,10/14/25 8:52,INDLAPTOP806,HGKBQG3,3,"[""1C-C1-0C-DC-76-BB"", ""F4-EE-08-E1-51-E8"", ""1C-C1-0C-DC-76-BF""]",0,
1b558bd5-a8db-11f0-bdfc-e2849b465dd5,1,1,1,10/14/25 8:52,10/14/25 8:52,INDLAPTOP597,5QQZYY2,3,"[""4C-1D-96-08-5A-AC"", ""98-E7-43-89-D7-33""]",0,
1b55dd6e-a8db-11f0-bdfc-e2849b465dd5,1,1,1,10/14/25 8:52,10/14/25 8:52,INDLAPTOP720,5CG14168LQ,1,"[""7C:70:db:bd:70:5e""]",0,
1b5631c5-a8db-11f0-bdfc-e2849b465dd5,1,1,1,10/14/25 8:52,10/14/25 8:52,INDLAPTOP353,5CG7077GND,1,"[""7c:b0:c2:72:ec:eb"", ""40:b0:34:e2:de:d2""]",0,
1b56856a-a8db-11f0-bdfc-e2849b465dd5,1,1,1,10/14/25 8:52,10/14/25 8:52,INDLAPTOP886,5CG8220X72,1,"[""5C-5F-67-A5-AA-F"", ""10-62-E5-53-BC-07""]",0,
1b56d75c-a8db-11f0-bdfc-e2849b465dd5,3,1,1,10/14/25 8:52,10/14/25 8:52,INDLAPTOP648,80J0QV3,1,"[""Ac:91:A1:67:23:32"", ""E4:60:17:DC:D1:38""]",0,
1b573494-a8db-11f0-bdfc-e2849b465dd5,3,1,1,10/14/25 8:52,10/14/25 8:52,INDLAPTOP315,CND4494ZL3,1,"[""A8-A7-95-AB-A1-68"", ""A8-A7-95-AB-A1-67"", ""DC-4A-3E-EA-3B-8C""]",0,
1b5785c1-a8db-11f0-bdfc-e2849b465dd5,3,1,1,10/14/25 8:52,10/14/25 8:52,INDLAPTOP660,2FPSRG3,3,"[""1C-C1-0C-D7-FC-CB"", ""B4-45-06-13-7A-CD"", ""1C-C1-0C-D7-FC-CF""]",0,
1b57e50c-a8db-11f0-bdfc-e2849b465dd5,1,1,1,10/14/25 8:52,10/14/25 8:52,INDLAPTOP201,8ZBPSV3,3,"[""ac:91:a1:67:23:d8"", ""e4:60:17:dd:0e:1e""]",0,
1b583f5e-a8db-11f0-bdfc-e2849b465dd5,3,1,1,10/14/25 8:52,10/14/25 8:52,INDLAPTOP647,34SMVT2,3,"[""C8-F7-50-41-41-39"", ""D4-3B-04-39-4D-7E"", ""D4-3B-04-39-4D-82""]",0,
1b589ca7-a8db-11f0-bdfc-e2849b465dd5,3,1,1,10/14/25 8:52,10/14/25 8:52,INDLAPTOP489,5CD8213ZT5,1,"[""B4-B6-86-D7-0B-9C"", ""0C-54-15-E6-6A-13""]",0,
1b58f58c-a8db-11f0-bdfc-e2849b465dd5,1,1,1,10/14/25 8:52,10/14/25 8:52,INDLAPTOP515,3QCQQV2,3,"[""C8:F7:50:7F:4A:3E"", ""3C:F0:11:35:BC:59""]",0,
1b594c45-a8db-11f0-bdfc-e2849b465dd5,2,1,1,10/14/25 8:52,10/14/25 8:52,INKOMAC002,D9DP2N43HW,2,"[""84:94:37:b8:ab:f9""]",0,
1b59a1f9-a8db-11f0-bdfc-e2849b465dd5,3,1,1,10/14/25 8:52,10/14/25 8:52,INDLAPTOP775,4HJPSW3,3,"[""58-6D-67-F3-D4-41"", ""10-98-19-81-F2-9A""]",0,
1b59f85f-a8db-11f0-bdfc-e2849b465dd5,2,1,1,10/14/25 8:52,10/14/25 8:52,INKOMAC037,FVFG67WUQ05D,2,"[""3C:06:30:30:4E:E2""]",0,
1b5a5900-a8db-11f0-bdfc-e2849b465dd5,3,1,1,10/14/25 8:52,10/14/25 8:52,INDLAPTOP893,3QN2FH2,3,"[""A4:4C:C8:26:41:89""]",0,
1b5aac1d-a8db-11f0-bdfc-e2849b465dd5,1,1,1,10/14/25 8:52,10/14/25 8:52,INDLAPTOP709,18HNQV2,3,"[""C8-F7-50-7F-D2-FA"", ""3C-F0-11-34-0E-E6""]",0,
1b5afceb-a8db-11f0-bdfc-e2849b465dd5,3,1,1,10/14/25 8:52,10/14/25 8:52,INDLAPTOP507,5CG8483B9T,1,"[""E4-E7-49-21-7A-C3"", ""DC-8B-28-1A-EC-1C""]",0,
1b5b4af7-a8db-11f0-bdfc-e2849b465dd5,3,1,1,10/14/25 8:52,10/14/25 8:52,INDLAPTOP973,5CD2527NK8,1,"[""00-A5-54-B5-46-F9-"", ""7C-4D-8F-04-43-15"", ""00-A5-54-B5-46-FD""]",0,
1b5b98de-a8db-11f0-bdfc-e2849b465dd5,3,1,1,10/14/25 8:52,10/14/25 8:52,INDLAPTOP240,BF1MY04,3,"[""AC-91-A1-6B-C5-C4"", ""28-C5-D2-99-E6-3E"", ""28-C5-D2-99-E6-42""]",0,
1b5be768-a8db-11f0-bdfc-e2849b465dd5,3,1,1,10/14/25 8:52,10/14/25 8:52,INDLAPTOP874,5CD5515Z48,1,"[""A8:A7:95:AA:A6:AD""]",0,
1b5c3727-a8db-11f0-bdfc-e2849b465dd5,3,1,1,10/14/25 8:52,10/14/25 8:52,INDLAPTOP539,5CD6235XRX,1,"[""74-DF-BF-C4-74-9E""]",0,
1b5c87c4-a8db-11f0-bdfc-e2849b465dd5,3,1,1,10/14/25 8:52,10/14/25 8:52,INDLAPTOP955,5CG1435DT9,1,"[""DC-21-48-F6-2D-C2"", ""DC-21-48-F6-2D-C6""]",0,
1b5cf2d5-a8db-11f0-bdfc-e2849b465dd5,2,1,1,10/14/25 8:52,10/14/25 8:52,INKOMAC005,C07JY0FHQ6P0,2,"[""60-f8-1d-c5-d9-d0"", ""ac-87-a3-36-eb-8d""]",0,
1b5d4390-a8db-11f0-bdfc-e2849b465dd5,1,1,1,10/14/25 8:52,10/14/25 8:52,INDLAPTOP957,8RX8QG3,3,"[""4C-77-CB-11-25-C4"", ""F4-EE-08-DF-3A-BB"", ""4C-77-CB-11-25-C8""]",0,
1b5d9811-a8db-11f0-bdfc-e2849b465dd5,3,1,1,10/14/25 8:52,10/14/25 8:52,INDTAPPL3D3,NA5,0,"[""18-C0-4D-D7-C7-C0""]",0,
1b5ded56-a8db-11f0-bdfc-e2849b465dd5,3,1,1,10/14/25 8:52,10/14/25 8:52,INDLAPTOP747,5CG92182GL,,"[""80-E8-2C-54-11-5E"", ""A8-6D-AA-B4-CB-70"", ""A8-6D-AA-B4-CB-74""]",0,
1b5e405c-a8db-11f0-bdfc-e2849b465dd5,3,1,1,10/14/25 8:52,10/14/25 8:52,INDLAPTOP839,CNU2132BC7,,"[""9C-B7-0D-D4-04-13"", ""E4-11-5B-51-72-7A""]",0,
1b5e9219-a8db-11f0-bdfc-e2849b465dd5,2,1,1,10/14/25 8:52,10/14/25 8:52,INKOMAC015-PROB,J3GFWQ6RGF,,"[""9C:3E:53:86:5F:E7""]",0,
1b5ee3c4-a8db-11f0-bdfc-e2849b465dd5,2,1,1,10/14/25 8:52,10/14/25 8:52,INKOMAC100,LV3HH7XQ7K,,"[""AC:07:75:05:DB:22""]",0,
1b5f8d35-a8db-11f0-bdfc-e2849b465dd5,3,1,1,10/14/25 8:52,10/14/25 8:52,INDLAPTOP702,61JPVT2,,"[""C8-F7-50-41-3A-70"", ""D0-C6-37-75-5E-BD"", ""D0-C6-37-75-5E-C1""]",0,
1b5fe3ca-a8db-11f0-bdfc-e2849b465dd5,3,1,1,10/14/25 8:52,10/14/25 8:52,INDLAPTOP697,r914v64w,,"[""F4-A4-75-4E-59-E3""]",0,
1b603c16-a8db-11f0-bdfc-e2849b465dd5,3,1,1,10/14/25 8:52,10/14/25 8:52,INDLAPTOP794,INA349PBKH,,"[""80-56-F2-5B-D8-7F"", ""B4-B5-2F-8C-0A-3E""]",0,
1b609624-a8db-11f0-bdfc-e2849b465dd5,1,1,1,10/14/25 8:52,10/14/25 8:52,INDLAPTOP751,5CG7077G38,,"[""40-B0-34-E2-2F-3C"", ""7C-B0-C2-72-E3-18"", ""7C-B0-C2-72-E3-1C""]",0,
1b619a34-a8db-11f0-bdfc-e2849b465dd5,3,1,1,10/14/25 8:52,10/14/25 8:52,INDLAPTOP665,79KDGH2,,"[""NA4""]",0,
1b61eff9-a8db-11f0-bdfc-e2849b465dd5,2,1,1,10/14/25 8:52,10/14/25 8:52,INKOMAC036,HKFXKL9TNW,,"[""EE:B4:DE:10:F1:A1""]",0,
1b624b84-a8db-11f0-bdfc-e2849b465dd5,3,1,1,10/14/25 8:52,10/14/25 8:52,INDLAPTOP568,B5MPVT2,,"[""C8-F7-50-41-3A-6C"", ""D0-C6-37-74-CA-9D"", ""D0-C6-37-74-CA-A1""]",0,
1b62a153-a8db-11f0-bdfc-e2849b465dd5,2,1,1,10/14/25 8:52,10/14/25 8:52,INKOMAC017,C07JK17UQ6P0,,"[""00-8A-76-E5-C8-1C"", ""00-8A-76-F0-D7-31""]",0,
1b6300b2-a8db-11f0-bdfc-e2849b465dd5,3,1,1,10/14/25 8:52,10/14/25 8:52,INDLAPTOP789,5CG8481Y4X,,"[""B4-69-21-D2-71-11"", ""E4-E7-49-21-19-00"", ""B4-69-21-D2-71-15""]",0,
1b635629-a8db-11f0-bdfc-e2849b465dd5,3,1,1,10/14/25 8:52,10/14/25 8:52,INDLAPTOP695,3DPSRG3,,"[""B4-45-06-13-7A-BB"", ""1C-C1-0C-D7-FD-D4"", ""1C-C1-0C-D7-FD-D8"", ""00-15-5D-85-6D-07""]",0,
1b63ab08-a8db-11f0-bdfc-e2849b465dd5,3,1,1,10/14/25 8:52,10/14/25 8:52,INDLAPTOP174,8QX8QG3,,"[""F4-EE-08-DF-3A-41"", ""4C-77-CB-11-25-10""]",0,
1b63fed2-a8db-11f0-bdfc-e2849b465dd5,3,1,1,10/14/25 8:52,10/14/25 8:52,INDLAPTOP756,0.0010X2,,"[""8C:04:BA:07:47:58"", ""DC:FB:48:CC:55:97""]",0,
1b6454c9-a8db-11f0-bdfc-e2849b465dd5,3,1,1,10/14/25 8:52,10/14/25 8:52,INDLAPTOP178,8V3G373,,"[""A4-B1-C1-42-5B-71""]",0,
1b64b512-a8db-11f0-bdfc-e2849b465dd5,3,1,1,10/14/25 8:52,10/14/25 8:52,INKOLWRISHIR,INA325S1KD,,"[""B4-B5-2F-84-5B-D3""]",0,
1b650c7d-a8db-11f0-bdfc-e2849b465dd5,3,1,1,10/14/25 8:52,10/14/25 8:52,INDLAPTOP562,3DMMQV2,,"[""c8:f7:50:7f:d3:ad"", ""a0:51:0b:1b:4a:0e""]",0,
1b655935-a8db-11f0-bdfc-e2849b465dd5,3,1,1,10/14/25 8:52,10/14/25 8:52,INDLAPTOP736,5CG84838GP,,"[""DC-8B-28-1B-FC-8D""]",0,
1b65a5e4-a8db-11f0-bdfc-e2849b465dd5,2,1,1,10/14/25 8:52,10/14/25 8:52,INKOMAC022,CXQTH19N4K,,"[""D0:11:E5:CE:22:ED""]",0,
1b65f270-a8db-11f0-bdfc-e2849b465dd5,3,1,1,10/14/25 8:52,10/14/25 8:52,INDLAPTOP537,79JFMQ2,,"[""B4-69-21-2C-FD-CB"", ""E4-B9-7A-39-BE-43""]",0,
1b663ed1-a8db-11f0-bdfc-e2849b465dd5,3,1,1,10/14/25 8:52,10/14/25 8:52,INDLAPTOP821,5CD5515Z4D,,"[""A8-A7-95-AA-A6-94"", ""DC-4A-3E-EA-36-FB"", ""A8-A7-95-AA-A6-93""]",0,
1b668c1f-a8db-11f0-bdfc-e2849b465dd5,3,1,1,10/14/25 8:52,10/14/25 8:52,INDLAPTOP187,CND5513V24,,"[""FC-3F-DB-38-42-77"", ""A8-A7-95-42-D8-05"", ""A8-A7-95-42-D8-06""]",0,
1b66db82-a8db-11f0-bdfc-e2849b465dd5,3,1,1,10/14/25 8:52,10/14/25 8:52,INDLAPTOP679,CND4405WRP,,"[""10-08-B1-3B-00-AA"", ""10-08-B1-3B-00-A9"", ""34-64-A9-BD-61-84""]",0,
1b673d34-a8db-11f0-bdfc-e2849b465dd5,3,1,1,10/14/25 8:52,10/14/25 8:52,INDDESKTOP765,INA145X570,,"[""2C-41-38-8B-CB-BE""]",0,
1b678b4e-a8db-11f0-bdfc-e2849b465dd5,2,1,1,10/14/25 8:52,10/14/25 8:52,INKOMAC016,C07JY0ESQ6P0,,"[""a4-77-f3-04-d4-70"", ""a4-77-f3-06-20-49""]",0,
1b67d896-a8db-11f0-bdfc-e2849b465dd5,1,1,1,10/14/25 8:52,10/14/25 8:52,INDLAPTOP282,36Q0NF2,,"[""48-F1-7F-8C-3A-39"", ""C8-F7-50-35-8E-FA"", ""48-F1-7F-8C-3A-3D""]",0,
1b6824cb-a8db-11f0-bdfc-e2849b465dd5,3,1,1,10/14/25 8:52,10/14/25 8:52,INDLAPTOP892,5CD8358CN2,,"[""98-E7-F4-EF-1D-96"", ""D0-57-7B-4C-A8-97""]",0,
1b68829e-a8db-11f0-bdfc-e2849b465dd5,3,1,1,10/14/25 8:52,10/14/25 8:52,INDLAPTOP206,8SH0QV3,,"[""AC-91-A1-67-1F-E5"", ""E4-60-17-DC-D1-D3"", ""E4-60-17-DC-D1-D7""]",0,
1b691fc5-a8db-11f0-bdfc-e2849b465dd5,3,1,1,10/14/25 8:52,10/14/25 8:52,INDLAPTOP616,5CG8385N9L,,"[""04-D3-B0-B9-E8-0D"", ""F4-39-09-E2-66-09""]",0,
1b69d068-a8db-11f0-bdfc-e2849b465dd5,2,1,1,10/14/25 8:52,10/14/25 8:52,INKOMAC08,GWTKW5VX33,,"[""D0:11:E5:EE:AE:C9""]",0,
1b6a1dc5-a8db-11f0-bdfc-e2849b465dd5,3,1,1,10/14/25 8:52,10/14/25 8:52,INDLAPTOP851,GCMW3F3,,"[""80-45-DD-B7-43-0A""]",0,
1b6a6b39-a8db-11f0-bdfc-e2849b465dd5,3,1,1,10/14/25 8:52,10/14/25 8:52,INDDESKTOP915 ,INA348ZY19 /G9M43Z2,,"[""2C-44-FD-18-A0-86""]",0,
1b6ab914-a8db-11f0-bdfc-e2849b465dd5,3,1,1,10/14/25 8:52,10/14/25 8:52,INDDESKTOP916,INA211Q7KD,,"[""E8-39-35-39-8A-73""]",0,
1b6b0b52-a8db-11f0-bdfc-e2849b465dd5,3,1,1,10/14/25 8:52,10/14/25 8:52,INDLAPTOP107,5CD2527NCX,,"[""7C-4D-8F-04-43-64"", ""00-A5-54-B3-AE-70"", ""00-A5-54-B3-AE-74""]",0,
1b6b583b-a8db-11f0-bdfc-e2849b465dd5,3,1,1,10/14/25 8:52,10/14/25 8:52,INDLAPTOP914,5CD826OQYK,,"[""B4-6B-FC-1B-AA-12""]",0,
1b6ba418-a8db-11f0-bdfc-e2849b465dd5,3,1,1,10/14/25 8:52,10/14/25 8:52,INDLAPTOP923,5CD925BCR6,,"[""58-A0-23-E8-F6-B1""]",0,
1b6bf16c-a8db-11f0-bdfc-e2849b465dd5,3,1,1,10/14/25 8:52,10/14/25 8:52,INDLAPTOP921,5CD812150T,,"[""D0-C6-37-43-FA-62""]",0,
1b6c514c-a8db-11f0-bdfc-e2849b465dd5,3,1,1,10/14/25 8:52,10/14/25 8:52,INDLAPTOP920,5CD84237P7,,"[""84-A9-3E-0F-27-30""]",0,
1b6ca547-a8db-11f0-bdfc-e2849b465dd5,3,1,1,10/14/25 8:52,10/14/25 8:52,INDLAPTOP924,5CD81214ZX,,"[""74-E5-F9-94-F8-2C""]",0,
1b6cfabc-a8db-11f0-bdfc-e2849b465dd5,3,1,1,10/14/25 8:52,10/14/25 8:52,INDLAPTOP913,HGBD1F3,,"[""90-65-84-15-3E-25""]",0,
1b6d550e-a8db-11f0-bdfc-e2849b465dd5,3,1,1,10/14/25 8:52,10/14/25 8:52,INDLAPTOP925,4YZGRM3,,"[""60:A5:E2:9F:D2:15""]",0,
1b6da763-a8db-11f0-bdfc-e2849b465dd5,2,1,1,10/14/25 8:52,10/14/25 8:52,INKOMAC011,C07H33GPQ6NV,,"[""14-98-77-69-ef-01""]",0,
1b6df2ce-a8db-11f0-bdfc-e2849b465dd5,2,1,1,10/14/25 8:52,10/14/25 8:52,INKOMAC32,XC160029RC,,"[""AU-CF-99-94-2F-53""]",0,
1b6e501f-a8db-11f0-bdfc-e2849b465dd5,1,1,1,10/14/25 8:52,10/14/25 8:52,INKOLLVARUNS,5CG14168LY,,"[""7c:70:db:bf:1c:8d""]",0,
1b6ea54a-a8db-11f0-bdfc-e2849b465dd5,3,1,1,10/14/25 8:52,10/14/25 8:52,INDLAPTOP711,5CG90554K3,,"[""F4-D1-08-14-6C-C5"", ""B0-0C-D1-C8-AC-73""]",0,
1b6f0504-a8db-11f0-bdfc-e2849b465dd5,1,1,1,10/14/25 8:52,10/14/25 8:52,INDLAPTOP927,9Y4BVB4,,"[""DC:56:7B:BA:CF:51""]",0,
1b6f5a30-a8db-11f0-bdfc-e2849b465dd5,3,1,1,10/14/25 8:52,10/14/25 8:52,INDLAPTOP681,5CG7077GNS,,"[""7C-B0-C2-72-ED-4A""]",0,
1b6fa8fb-a8db-11f0-bdfc-e2849b465dd5,3,1,1,10/14/25 8:52,10/14/25 8:52,INKOLWARPITAB,G9M43Z2,,"[""AC-67-5D-A9-51-7D""]",0,
1b6ffa94-a8db-11f0-bdfc-e2849b465dd5,3,1,1,10/14/25 8:52,10/14/25 8:52,INDDESKTOP917,INA348ZY1B,,"[""D4-C9-EF-EF-7C-8B""]",0,
1b704a58-a8db-11f0-bdfc-e2849b465dd5,3,1,1,10/14/25 8:52,10/14/25 8:52,INKOLWRAIMAB,5CG62442LB,,"[""A8-A7-95-AA-A6-AD"", ""EC-8E-B5-57-DA-2F""]",0,
1b71b4a3-a8db-11f0-bdfc-e2849b465dd5,1,1,1,10/14/25 8:52,10/14/25 8:52,INKOLLAYUSHJ,5CG1437H1K,,"[""DC-21-48-F5-D0-43""]",0,
1b720f08-a8db-11f0-bdfc-e2849b465dd5,3,1,1,10/14/25 8:52,10/14/25 8:52,INDLAPTOP101,5CD8121512,,"[""74-E5-F9-94-F8-4F""]",0,
1b726fc0-a8db-11f0-bdfc-e2849b465dd5,3,1,1,10/14/25 8:52,10/14/25 8:52,INDLAPTOP102,PF15A140,,"[""E8-6A-64-02-01-0B""]",0,
1b72c0dd-a8db-11f0-bdfc-e2849b465dd5,2,1,1,10/14/25 8:52,10/14/25 8:52,INKOMAC027,G6QL6M7PYY,,"[""D0-11-E5-E7-D9-2C""]",0,
1b731179-a8db-11f0-bdfc-e2849b465dd5,3,1,1,10/14/25 8:52,10/14/25 8:52,INDLAPTOP211,DXH0QV3,,"[""AC-91-A1-67-23-CE"", ""E4-60-17-DC-BE-4B""]",0,
1b73643f-a8db-11f0-bdfc-e2849b465dd5,3,1,1,10/14/25 8:52,10/14/25 8:52,INDLAPTOP836,5CG1017QBR,,"[""6C-02-E0-B9-D0-EB"", ""B0-7D-64-4C-E9-6F""]",0,
1b73bf5f-a8db-11f0-bdfc-e2849b465dd5,3,1,1,10/14/25 8:52,10/14/25 8:52,INDLAPTOP114,5FPK0J3,,"[""44-E5-17-26-93-0A""]",0,
1b741993-a8db-11f0-bdfc-e2849b465dd5,3,1,1,10/14/25 8:52,10/14/25 8:52,INDLAPTOP105,5R95N13,,"[""F8-E4-E3-74-60-49""]",0,
1b746e00-a8db-11f0-bdfc-e2849b465dd5,3,1,1,10/14/25 8:52,10/14/25 8:52,INDLAPTOP111,J5DM9K3,,"[""2C-6D-C1-5A-BD-10""]",0,
1b74c2c1-a8db-11f0-bdfc-e2849b465dd5,3,1,1,10/14/25 8:52,10/14/25 8:52,INDLAPTOP819,5CG7077GNX,,"[""7C-B0-C2-72-E9-EE"", ""40-B0-34-E2-0F-51"", ""7C-B0-C2-72-E9-F2""]",0,
1b751669-a8db-11f0-bdfc-e2849b465dd5,3,1,1,10/14/25 8:52,10/14/25 8:52,INDLAPTOP132,3V80BK3,,"[""D4-54-8B-80-B3-94""]",0,
1b7573d0-a8db-11f0-bdfc-e2849b465dd5,3,1,1,10/14/25 8:52,10/14/25 8:52,INDLAPTOP209,3ZH0QV3,,"[""E4-60-17-DC-D1-A1""]",0,
1b761f4f-a8db-11f0-bdfc-e2849b465dd5,3,1,1,10/14/25 8:52,10/14/25 8:52,INDLAPTOP917,GDF01J3,,"[""7C-70-DB-8F-E1-AC""]",0,
1b76849d-a8db-11f0-bdfc-e2849b465dd5,3,1,1,10/14/25 8:52,10/14/25 8:52,INDLAPTOP106,5HRNSV3,,"[""E4-60-17-DB-B2-2B""]",0,
1b77271e-a8db-11f0-bdfc-e2849b465dd5,3,1,1,10/14/25 8:52,10/14/25 8:52,INDLAPTOP349,5CG0040XLM,,"[""48-89-E7-91-9D-35""]",0,
1b77c39b-a8db-11f0-bdfc-e2849b465dd5,3,1,1,10/14/25 8:52,10/14/25 8:52,INDLAPTOP133,8530.0BK3,,"[""D4-54-8B-80-B7-77""]",0,
1b78118e-a8db-11f0-bdfc-e2849b465dd5,3,1,1,10/14/25 8:52,10/14/25 8:52,INDLAPTOP135,2R80BK3,,"[""D4-54-8B-80-B1-82""]",0,
1b785dd9-a8db-11f0-bdfc-e2849b465dd5,3,1,1,10/14/25 8:52,10/14/25 8:52,INDDESKTOP108,H510MH,,"[""18-C0-4D-D7-C7-F5""]",0,
1b78d9c6-a8db-11f0-bdfc-e2849b465dd5,1,1,1,10/14/25 8:52,10/14/25 8:52,INKOLLAKASHS,JN8QVT2,,"[""D0-C6-37-74-C1-6A"", ""C8-F7-50-41-39-EB"", ""D0-C6-37-74-C1-6E""]",0,
1b793203-a8db-11f0-bdfc-e2849b465dd5,3,1,1,10/14/25 8:52,10/14/25 8:52,INDDESKTOP185,INA342YPPR,,"[""88-51-FB-6D-69-91""]",0,
1b798021-a8db-11f0-bdfc-e2849b465dd5,3,1,1,10/14/25 8:52,10/14/25 8:52,INDLAPTOP730,5CG14168LK,,"[""7C-70-DB-BD-4A-5C"", ""00-50-56-C0-00-01"", ""00-50-56-C0-00-08""]",0,
1b79d96d-a8db-11f0-bdfc-e2849b465dd5,3,1,1,10/14/25 8:52,10/14/25 8:52,INDLAPTOP885,5CD5515Z46,,"[""A8-A7-95-AB-A1-67""]",0,
1b7a306e-a8db-11f0-bdfc-e2849b465dd5,3,1,1,10/14/25 8:52,10/14/25 8:52,INDDESKTOP186,Assembled,,"[""30-56-0f-10-9b-53""]",0,
1b7a8854-a8db-11f0-bdfc-e2849b465dd5,3,1,1,10/14/25 8:52,10/14/25 8:52,INDLAPTOP112,HHBP0J3,,"[""44-E5-17-2D-DE-17""]",0,
1b7adfcc-a8db-11f0-bdfc-e2849b465dd5,3,1,1,10/14/25 8:52,10/14/25 8:52,INDLAPTOP104,5CD8343Q78,,"[""c8:d9:d2:90:bb:13"", ""34:e1:2d:43:47:de""]",0,

